public	client_blacklists	client_blacklists_pkey	CREATE UNIQUE INDEX client_blacklists_pkey ON public.client_blacklists USING btree (id)
public	client_blacklists	uq_client_blacklists_normalized_client_name	CREATE UNIQUE INDEX uq_client_blacklists_normalized_client_name ON public.client_blacklists USING btree ("normalizedClientName")
public	device_actions	device_actions_pkey	CREATE UNIQUE INDEX device_actions_pkey ON public.device_actions USING btree (id)
public	device_actions	idx_device_actions_device_id	CREATE INDEX idx_device_actions_device_id ON public.device_actions USING btree ("deviceId")
public	device_actions	idx_device_actions_user_id	CREATE INDEX idx_device_actions_user_id ON public.device_actions USING btree ("userId")
public	email_verifications	email_verifications_pkey	CREATE UNIQUE INDEX email_verifications_pkey ON public.email_verifications USING btree (id)
public	email_verifications	idx_email_verifications_email	CREATE INDEX idx_email_verifications_email ON public.email_verifications USING btree (email)
public	email_verifications	idx_email_verifications_ip	CREATE INDEX idx_email_verifications_ip ON public.email_verifications USING btree (ip)
public	email_verifications	idx_email_verifications_type	CREATE INDEX idx_email_verifications_type ON public.email_verifications USING btree (type)
public	media_gaps	idx_media_gaps_emby_series_id	CREATE INDEX idx_media_gaps_emby_series_id ON public.media_gaps USING btree ("embySeriesId")
public	media_gaps	idx_media_gaps_status_air_date	CREATE INDEX idx_media_gaps_status_air_date ON public.media_gaps USING btree (status, "airDate")
public	media_gaps	idx_media_gaps_tmdb_id	CREATE INDEX idx_media_gaps_tmdb_id ON public.media_gaps USING btree ("tmdbId")
public	media_gaps	media_gaps_pkey	CREATE UNIQUE INDEX media_gaps_pkey ON public.media_gaps USING btree (id)
public	media_gaps	uk_media_gap_episode	CREATE UNIQUE INDEX uk_media_gap_episode ON public.media_gaps USING btree ("tmdbId", season, episode)
public	media_quality_caches	idx_media_quality_caches_expires_at	CREATE INDEX idx_media_quality_caches_expires_at ON public.media_quality_caches USING btree ("expiresAt")
public	media_quality_caches	media_quality_caches_pkey	CREATE UNIQUE INDEX media_quality_caches_pkey ON public.media_quality_caches USING btree (id)
public	media_quality_caches	uq_media_quality_caches_library_id	CREATE UNIQUE INDEX uq_media_quality_caches_library_id ON public.media_quality_caches USING btree ("libraryId")
public	payments	idx_payments_expires_at	CREATE INDEX idx_payments_expires_at ON public.payments USING btree ("expiresAt")
public	payments	idx_payments_plan_id	CREATE INDEX idx_payments_plan_id ON public.payments USING btree ("planId")
public	payments	idx_payments_stripe_session	CREATE UNIQUE INDEX idx_payments_stripe_session ON public.payments USING btree ("stripeSessionId")
public	payments	idx_payments_user_id	CREATE INDEX idx_payments_user_id ON public.payments USING btree ("userId")
public	payments	payments_pkey	CREATE UNIQUE INDEX payments_pkey ON public.payments USING btree (id)
public	plan_groups	idx_plan_groups_is_default	CREATE INDEX idx_plan_groups_is_default ON public.plan_groups USING btree ("isDefault")
public	plan_groups	idx_plan_groups_sort_order	CREATE INDEX idx_plan_groups_sort_order ON public.plan_groups USING btree ("sortOrder")
public	plan_groups	plan_groups_pkey	CREATE UNIQUE INDEX plan_groups_pkey ON public.plan_groups USING btree (key)
public	plan_groups	uq_plan_groups_default_true	CREATE UNIQUE INDEX uq_plan_groups_default_true ON public.plan_groups USING btree ("isDefault") WHERE ("isDefault" = true)
public	plans	idx_plans_active_sort	CREATE INDEX idx_plans_active_sort ON public.plans USING btree ("isActive", "sortOrder")
public	plans	idx_plans_plan_group	CREATE INDEX idx_plans_plan_group ON public.plans USING btree ("planGroup")
public	plans	plans_pkey	CREATE UNIQUE INDEX plans_pkey ON public.plans USING btree (id)
public	playback_rankings	idx_ranking_batch	CREATE INDEX idx_ranking_batch ON public.playback_rankings USING btree (batch_id, category, rank)
public	playback_rankings	idx_ranking_item	CREATE INDEX idx_ranking_item ON public.playback_rankings USING btree (period, category, item_key, period_start, period_end)
public	playback_rankings	idx_ranking_period_window	CREATE INDEX idx_ranking_period_window ON public.playback_rankings USING btree (period, period_start, period_end, snapshot_at)
public	playback_rankings	playback_rankings_pkey	CREATE UNIQUE INDEX playback_rankings_pkey ON public.playback_rankings USING btree (id)
public	redemption_codes	idx_redemption_codes_code	CREATE UNIQUE INDEX idx_redemption_codes_code ON public.redemption_codes USING btree (code)
public	redemption_codes	idx_redemption_codes_registration_plan_group	CREATE INDEX idx_redemption_codes_registration_plan_group ON public.redemption_codes USING btree ("registrationPlanGroup")
public	redemption_codes	idx_redemption_codes_template_user_id	CREATE INDEX idx_redemption_codes_template_user_id ON public.redemption_codes USING btree ("templateUserId")
public	redemption_codes	redemption_codes_pkey	CREATE UNIQUE INDEX redemption_codes_pkey ON public.redemption_codes USING btree (id)
public	redemptions	idx_redemptions_user_id	CREATE INDEX idx_redemptions_user_id ON public.redemptions USING btree ("userId")
public	redemptions	redemptions_pkey	CREATE UNIQUE INDEX redemptions_pkey ON public.redemptions USING btree (id)
public	redemptions	uq_redemptions_user_code	CREATE UNIQUE INDEX uq_redemptions_user_code ON public.redemptions USING btree ("userId", code)
public	settings	settings_pkey	CREATE UNIQUE INDEX settings_pkey ON public.settings USING btree (key)
public	subscriptions	idx_subscriptions_user_id	CREATE INDEX idx_subscriptions_user_id ON public.subscriptions USING btree ("userId")
public	subscriptions	subscriptions_pkey	CREATE UNIQUE INDEX subscriptions_pkey ON public.subscriptions USING btree (id)
public	subscriptions	uk_subscription_media	CREATE UNIQUE INDEX uk_subscription_media ON public.subscriptions USING btree (type, "tmdbId", season)
public	telegram_bind_codes	idx_telegram_bind_codes_code	CREATE UNIQUE INDEX idx_telegram_bind_codes_code ON public.telegram_bind_codes USING btree (code)
public	telegram_bind_codes	idx_telegram_bind_codes_user_id	CREATE INDEX idx_telegram_bind_codes_user_id ON public.telegram_bind_codes USING btree ("userId")
public	telegram_bind_codes	telegram_bind_codes_pkey	CREATE UNIQUE INDEX telegram_bind_codes_pkey ON public.telegram_bind_codes USING btree (id)
public	tmdb_cache	idx_tmdb_cache_expires_at	CREATE INDEX idx_tmdb_cache_expires_at ON public.tmdb_cache USING btree ("expiresAt")
public	tmdb_cache	tmdb_cache_pkey	CREATE UNIQUE INDEX tmdb_cache_pkey ON public.tmdb_cache USING btree (id)
public	tmdb_cache	uq_tmdb_cache_cache_key	CREATE UNIQUE INDEX uq_tmdb_cache_cache_key ON public.tmdb_cache USING btree ("cacheKey")
public	tv_calendar_items	idx_tv_calendar_items_air_date	CREATE INDEX idx_tv_calendar_items_air_date ON public.tv_calendar_items USING btree ("airDate")
public	tv_calendar_items	idx_tv_calendar_items_series_id	CREATE INDEX idx_tv_calendar_items_series_id ON public.tv_calendar_items USING btree ("seriesId")
public	tv_calendar_items	idx_tv_calendar_items_tmdb_id	CREATE INDEX idx_tv_calendar_items_tmdb_id ON public.tv_calendar_items USING btree ("tmdbId")
public	tv_calendar_items	tv_calendar_items_pkey	CREATE UNIQUE INDEX tv_calendar_items_pkey ON public.tv_calendar_items USING btree (id)
public	tv_calendar_items	uq_tv_calendar_items_tmdb_season_episode	CREATE UNIQUE INDEX uq_tv_calendar_items_tmdb_season_episode ON public.tv_calendar_items USING btree ("tmdbId", season, episode)
public	tv_calendar_sources	idx_tv_calendar_sources_last_episode_ingested_at	CREATE INDEX idx_tv_calendar_sources_last_episode_ingested_at ON public.tv_calendar_sources USING btree ("lastEpisodeIngestedAt")
public	tv_calendar_sources	idx_tv_calendar_sources_series_id	CREATE INDEX idx_tv_calendar_sources_series_id ON public.tv_calendar_sources USING btree ("seriesId")
public	tv_calendar_sources	tv_calendar_sources_pkey	CREATE UNIQUE INDEX tv_calendar_sources_pkey ON public.tv_calendar_sources USING btree (id)
public	tv_calendar_sources	uq_tv_calendar_sources_tmdb_id	CREATE UNIQUE INDEX uq_tv_calendar_sources_tmdb_id ON public.tv_calendar_sources USING btree ("tmdbId")
public	tv_calendar_subscriptions	idx_tv_calendar_subscriptions_tmdb_id	CREATE INDEX idx_tv_calendar_subscriptions_tmdb_id ON public.tv_calendar_subscriptions USING btree ("tmdbId")
public	tv_calendar_subscriptions	idx_tv_calendar_subscriptions_user_id	CREATE INDEX idx_tv_calendar_subscriptions_user_id ON public.tv_calendar_subscriptions USING btree ("userId")
public	tv_calendar_subscriptions	tv_calendar_subscriptions_pkey	CREATE UNIQUE INDEX tv_calendar_subscriptions_pkey ON public.tv_calendar_subscriptions USING btree (id)
public	tv_calendar_subscriptions	uq_tv_calendar_subscriptions_user_tmdb	CREATE UNIQUE INDEX uq_tv_calendar_subscriptions_user_tmdb ON public.tv_calendar_subscriptions USING btree ("userId", "tmdbId")
public	users	idx_users_email	CREATE UNIQUE INDEX idx_users_email ON public.users USING btree (email)
public	users	idx_users_emby_id	CREATE INDEX idx_users_emby_id ON public.users USING btree ("embyId")
public	users	idx_users_plan_group	CREATE INDEX idx_users_plan_group ON public.users USING btree ("planGroup")
public	users	idx_users_telegram_id	CREATE UNIQUE INDEX idx_users_telegram_id ON public.users USING btree ("telegramId") WHERE ("telegramId" IS NOT NULL)
public	users	idx_users_username	CREATE UNIQUE INDEX idx_users_username ON public.users USING btree (username)
public	users	users_pkey	CREATE UNIQUE INDEX users_pkey ON public.users USING btree (id)
